{"Q920030": {"colors": [[164.35204802259872, 106.99258474576256, 81.97563559322025], [60.69684298557393, 30.14342462889395, 29.958812460798576], [204.6153846153845, 164.16135084427745, 139.6346153846153], [13.822062290607292, 1.6551681350040965, 3.291351284278335], [103.90840921264066, 71.1928227102303, 59.57712908409204]], "frequency": {"0": 2834, "4": 3738, "3": 8058, "1": 4783, "2": 2127}}, "Q124362": {"colors": [[76.63359999999989, 61.366171428571306, 49.684342857142866], [214.4012303485988, 186.4162679425836, 144.44019138755968], [117.73613121080561, 94.06464061746263, 72.83598649300531], [163.35230179028116, 142.49232736572878, 113.39386189258312], [44.602964652223505, 38.305131128848174, 34.92018244013665]], "frequency": {"0": 4375, "4": 4377, "3": 1566, "2": 2078, "1": 1464}}, "Q5849818": {"colors": [[117.9677720691266, 139.4278374591313, 142.59645025688923], [216.84182776801407, 213.6102811950788, 181.89455184534262], [110.21561916614809, 93.90105787181089, 57.706285003111304], [48.03064592173503, 37.66760961810448, 26.159358793022065], [171.68689320388341, 141.73106796116508, 83.3839805825243]], "frequency": {"2": 3217, "3": 2122, "0": 2142, "1": 2273, "4": 2058}}, "Q20175244": {"colors": [[11.869657740734247, 7.61606667848887, 9.062777088136357], [211.46867167919794, 177.70175438596485, 152.54887218045113], [67.61656703672075, 48.53885567890693, 40.16225448334757], [148.74030436917047, 107.262150220913, 75.712322042219], [91.34375, 110.46164772727272, 130.52840909090915]], "frequency": {"0": 5644, "4": 703, "2": 2341, "3": 2035, "1": 797}}, "Q5801323": {"colors": [[129.49876998769986, 109.37084870848707, 68.78259532595325], [191.72825851225343, 182.13901539796188, 148.28236824983716], [26.742446755819586, 22.689697870233346, 20.984645864289135], [165.1798245614037, 150.38429406850483, 106.49603174603192], [81.93774457488429, 62.07328352899331, 45.016008537887046]], "frequency": {"3": 4799, "2": 4038, "4": 2811, "1": 4585, "0": 3267}}, "Q2304870": {"colors": [[31.142857142857707, 30.06079709370688, 23.42045090287429], [159.0348200312991, 134.27543035993716, 98.024647887324], [185.98486281930016, 164.90681173131478, 138.5496688741722], [121.65613319741752, 100.3792048929663, 57.74991505266733], [76.52892960462869, 63.05858244937322, 41.17912246865963]], "frequency": {"0": 9360, "1": 2554, "4": 4156, "3": 2942, "2": 2108}}, "Q152867": {"colors": [[40.963205828779614, 32.228961748634035, 22.89963570127521], [178.7783467446963, 164.19239209948807, 135.57644476956847], [222.85284810126578, 215.1360759493673, 199.4580696202533], [119.63117382937784, 107.23476587556121, 87.05580500320718], [74.19146608315098, 58.205908096280126, 39.66126914660836]], "frequency": {"3": 1562, "0": 5464, "2": 1260, "4": 4596, "1": 1368}}, "Q2270768": {"colors": [[28.74774594269664, 15.936485674213387, 7.233019434982765], [140.65265392781328, 100.06539278131623, 29.6403397027601], [221.52478448275872, 214.39116379310326, 169.69935344827567], [179.58651841556647, 154.5913829047948, 88.15357887421814], [85.12106975063242, 55.64257318395369, 16.131189013371905]], "frequency": {"1": 2345, "0": 4997, "2": 928, "3": 1438, "4": 2772}}, "Q1150997": {"colors": [[25.761481481481365, 29.252592592592634, 38.644444444444424], [106.35525024533847, 95.08635917566244, 66.80863591756626], [8.387755102040671, 10.125981161695396, 20.057299843014185], [61.85698134539284, 57.28829847371398, 49.223855285472006], [165.56132075471692, 156.10377358490567, 113.39858490566041]], "frequency": {"3": 1770, "1": 1020, "2": 2497, "0": 4098, "4": 425}}, "Q5906551": {"colors": [[76.65177664974621, 49.0492385786802, 40.015228426395936], [165.38064516129018, 128.80645161290315, 98.51336405529958], [125.26822916666663, 89.28298611111109, 65.63281249999999], [37.38907495091786, 34.81470146668192, 34.475863263656336], [211.45357524012798, 176.51867662753457, 138.2241195304162]], "frequency": {"3": 17328, "0": 1963, "1": 1083, "2": 1152, "4": 936}}, "Q77992354": {"colors": [[37.362860892388575, 35.2171916010502, 34.66167979002606], [184.0288600288601, 143.89538239538234, 111.26911976911975], [151.9819927971188, 109.6446578631452, 83.75030012004804], [101.8830584707646, 66.73763118440779, 50.34182908545728], [208.0938375350141, 175.04481792717084, 143.0434173669468]], "frequency": {"0": 7620, "4": 709, "3": 669, "1": 1389, "2": 833}}, "Q321303": {"colors": [[254.29280397022345, 254.17679900744395, 253.22084367245654], [86.93610870193685, 80.90026019080645, 42.33969355304987], [166.29595375722533, 166.66358381502877, 142.81772639691704], [32.71934513865703, 29.83929168058779, 15.29936518543252], [133.01949317738794, 126.2197159565581, 78.10108604845446]], "frequency": {"3": 2985, "4": 3609, "0": 1611, "1": 3462, "2": 2583}}, "Q644856": {"colors": [[90.50569259962063, 68.96204933586348, 50.73007590132827], [200.62228057014275, 155.09564891222834, 94.11365341335333], [35.792688111095586, 34.88932974351744, 32.566104577016105], [225.3926046764548, 213.97553017944566, 166.16639477977185], [146.81197237145068, 108.38117165515483, 71.15221284215912]], "frequency": {"0": 4209, "2": 7055, "4": 3919, "3": 1834, "1": 2670}}, "Q27696854": {"colors": [[109.0908430232559, 77.35719476744185, 55.85973837209303], [25.408856289052068, 25.401521325726662, 27.08937788644394], [198.09164969450114, 194.92973523421597, 189.2841140529533], [138.0364785992219, 127.09387159533082, 111.04085603112844], [68.22145442579802, 48.901283316880516, 36.01085883514308]], "frequency": {"0": 2744, "4": 3051, "1": 3687, "3": 2047, "2": 981}}, "Q5853603": {"colors": [[54.24575486261183, 53.635587115365034, 52.0605125038595], [152.90337934316986, 142.2327463112803, 108.60161827701099], [186.78782707622307, 189.66837315130823, 165.1416382252562], [155.99241466498094, 80.98482932996207, 65.50126422250314], [92.74628252788104, 85.39335501858736, 71.81180297397768]], "frequency": {"0": 9736, "4": 4296, "1": 2097, "2": 1757, "3": 1576}}, "Q27700094": {"colors": [[150.2224797219004, 132.84994206257247, 103.4866743916571], [45.71130128366478, 35.11930531084794, 27.156934306569468], [82.60373019928463, 56.28180889115991, 40.66964741951968], [115.8382594417077, 94.65927750410513, 69.6358784893268], [178.584962406015, 181.26616541353388, 164.12932330827073]], "frequency": {"1": 7934, "2": 3915, "4": 670, "0": 1726, "3": 2442}}, "Q27697934": {"colors": [[162.42972699696676, 150.54465790360638, 123.65183687226164], [94.92782651878842, 81.41599073001159, 54.85912928323135], [59.05020134228203, 50.90416107382574, 29.580402684563907], [203.19272495213798, 198.78430121250807, 177.3363114231016], [133.59767441860473, 110.91534883720928, 78.46186046511627]], "frequency": {"1": 6027, "0": 2971, "2": 3740, "4": 4293, "3": 1569}}, "Q27697313": {"colors": [[11.344730736353426, 6.166687019171896, 8.225424349737594], [192.32429816069708, 150.89157792836403, 106.14230396902236], [89.01366297983083, 55.47430058555628, 36.139882888744296], [45.59064061790095, 25.430713312130834, 21.034984098137205], [146.1141414141415, 99.58888888888887, 63.27474747474746]], "frequency": {"0": 8190, "2": 1537, "1": 1033, "3": 2200, "4": 990}}, "Q17036232": {"colors": [[66.07735849056606, 46.916981132075406, 39.09371069182381], [208.63282051282033, 193.49538461538452, 183.3712820512819], [153.9766977363514, 134.84087882822894, 121.08055925432747], [106.73476394849787, 86.41587982832613, 75.65407725321889], [18.75111111111083, 12.146074074074, 12.499851851851702]], "frequency": {"2": 1502, "1": 971, "0": 3191, "4": 3381, "3": 2317}}, "Q952796": {"colors": [[122.35087719298241, 94.27964912280706, 58.78736842105264], [181.5901224145208, 176.55677501055297, 175.11397214014355], [152.0288309636651, 143.83570300157982, 134.2863349131121], [51.63337320574156, 28.096291866028523, 15.023923444976077], [227.85048372911163, 219.15303430079157, 218.321020228672]], "frequency": {"0": 2849, "2": 2515, "3": 1670, "1": 2385, "4": 1141}},